INSERT INTO `users` (`id`, `role`, `username`, `email`, `password`, `created_at`) VALUES
(1, 'ROLE_ADMIN', 'Admin', 'admin@example.com', '$2a$10$sSmId8Qcelr1x7LOKTCqbuAbtitODB32BWcz96T3TV4/0cDJRXpPO', NOW()),
(2, 'ROLE_USER',  'User1', 'user1@example.com', '$2a$10$ofr5dOD2YsB9IbqGblZhr.R6EvAEveqcLg47JbEFOWhFcFt9qRRDq', NOW());

INSERT INTO `messages` (`id`, `user_id`, `name`, `email`, `phone`, `subject`, `message`, `created_at`) VALUES
(1, NULL, 'Vendég', 'guest@example.com', '+36761234567', 'Teszt üzenet', 'Ez egy seedelt tesztüzenet.', NOW()),
(2, 2, 'User1', 'user1@example.com', '06761234567', 'Kérés a fiókkal kapcsolatban', 'Szia, szeretnék információt a fiókom beállításairól.', NOW()),
(3, 1, 'Admin', 'admin@example.com', '06769876543', 'Rendszer üzenet', 'Ez egy adminisztratív üzenet a rendszer állapotáról.', NOW());

INSERT INTO `KATEGORIA` (`kat_kod`, `kat_nev`, `created_at`) VALUES
(1, 'Húsáru', NOW()),
(2, 'Zöldség', NOW()),
(3, 'Tejtermék', NOW()),
(4, 'Édesség', NOW()),
(5, 'Tészták', NOW()),
(6, 'Üditőitalok', NOW());

INSERT INTO `ARU` (`aru_kod`, `kat_kod`, `nev`, `egyseg`, `ar`, `created_at`) VALUES
(1, 3, 'Tejföl 20%-os', 'doboz', 175, NOW()),
(2, 3, 'Camembert', 'doboz', 239, NOW()),
(3, 3, 'Tejszínhab-spray', 'liter', 676, NOW()),
(4, 3, 'Pötyös Túró Rudi', 'darab', 42, NOW()),
(5, 3, 'Sovány tej', 'liter', 145, NOW()),
(6, 3, 'Zsíros tej', 'liter', 169, NOW()),
(7, 3, 'Medve sajt', 'doboz', 209, NOW()),
(8, 3, 'Eidami sajt', 'doboz', 1222, NOW()),
(9, 1, 'Téliszalámi', 'kg', 2899, NOW()),
(10, 1, 'Bánáti kolbász', 'kg', 549, NOW()),
(11, 1, 'Füstölt-főtt pulykamell sonka', 'kg', 1199, NOW()),
(12, 1, 'Füstölt-főtt pulyka alsócomb', 'kg', 629, NOW()),
(13, 1, 'Baromfi párizsi', 'kg', 209, NOW()),
(14, 1, 'Szeletelt bacon', 'kg', 1490, NOW()),
(15, 1, 'Erdélyi szalonna', 'kg', 599, NOW()),
(16, 1, 'Farmer felvágott', 'kg', 579, NOW()),
(17, 1, 'Sertéscomb csont nélkül', 'kg', 829, NOW()),
(18, 1, 'Sertés hátsó csülök', 'kg', 559, NOW()),
(19, 1, 'Marha darálthús', 'kg', 899, NOW()),
(20, 1, 'Sertéslapocka', 'kg', 739, NOW()),
(21, 1, 'Sertés darálthús', 'kg', 539, NOW()),
(22, 1, 'Sertéstarja csont nélkül', 'kg', 1099, NOW()),
(23, 1, 'Marha párizsi', 'kg', 899, NOW()),
(24, 2, 'Sütőtök', 'kg', 49, NOW()),
(25, 2, 'Karfiol', 'kg', 168, NOW()),
(26, 2, 'Zöldborsó', 'doboz', 489, NOW()),
(27, 2, 'Téli alma', 'kg', 199, NOW()),
(28, 2, 'Paradicsom', 'kg', 239, NOW()),
(29, 6, 'Ice Tea', 'doboz', 229, NOW()),
(30, 6, 'Ásványvíz', 'liter', 119, NOW()),
(31, 6, 'Almalé', 'liter', 269, NOW()),
(32, 6, 'Őszilé', 'liter', 269, NOW()),
(33, 6, 'Kajszilé', 'liter', 269, NOW()),
(34, 4, 'Piros mogyorós', 'darab', 155, NOW()),
(35, 4, 'Gabonapehely szelet', 'darab', 52, NOW()),
(36, 4, 'Boci csoki', 'darab', 142, NOW()),
(37, 4, 'Konyakos meggy', 'darab', 712, NOW()),
(38, 4, 'Sportszelet', 'darab', 82, NOW()),
(39, 5, 'La Pasta 4 tojásos tészta', 'kg', 230, NOW()),
(40, 5, 'Korona tészta', 'kg', 290, NOW()),
(41, 5, 'Füri tészta', 'kg', 179, NOW()),
(42, 5, 'Durillo tészta', 'kg', 238, NOW()),
(43, 5, 'Csigatészta', 'kg', 320, NOW()),
(44, 5, 'Cérnametélt', 'kg', 332, NOW()),
(45, 5, 'Szélesmetélt', 'kg', 230, NOW()),
(46, 1, 'Paprikás szalámi', 'kg', 2899, NOW());

INSERT INTO `ELADAS` (`aru_kod`, `mennyiseg`, `created_at`) VALUES
(1, 48, NOW()),
(2, 31, NOW()),
(3, 48, NOW()),
(4, 42, NOW()),
(5, 16, NOW()),
(6, 1, NOW()),
(7, 36, NOW()),
(8, 29, NOW()),
(9, 33, NOW()),
(10, 19, NOW()),
(11, 39, NOW()),
(12, 42, NOW()),
(13, 2, NOW()),
(14, 46, NOW()),
(15, 45, NOW()),
(16, 3, NOW()),
(17, 27, NOW()),
(18, 35, NOW()),
(19, 10, NOW()),
(20, 50, NOW()),
(21, 28, NOW()),
(22, 13, NOW()),
(23, 14, NOW()),
(24, 26, NOW()),
(25, 8, NOW()),
(26, 8, NOW()),
(27, 16, NOW()),
(28, 29, NOW()),
(29, 25, NOW()),
(30, 22, NOW()),
(31, 33, NOW()),
(32, 49, NOW()),
(33, 20, NOW()),
(34, 46, NOW()),
(35, 12, NOW()),
(36, 35, NOW()),
(37, 8, NOW()),
(38, 12, NOW()),
(39, 43, NOW()),
(40, 26, NOW()),
(41, 24, NOW()),
(42, 29, NOW()),
(43, 47, NOW()),
(44, 41, NOW()),
(45, 41, NOW()),
(46, 10, NOW());
